<?xml version="1.0" encoding="UTF-8"?><!--		Conversion Style-Sheet (Mapping Codes)		Version:		0.9		Date:			21/06/2011		Status:		Step 2		Author:		Laurent DESQUEPER (EU)--><mapping-codes>	<mapping-code type="UCUM">		<code r2="001" r3="kg">kilogram(s)</code>		<code r2="002" r3="g">gram(s)</code>		<code r2="003" r3="mg">milligram(s)</code>		<code r2="004" r3="ug">microgram(s)</code>		<code r2="005" r3="ng">nanogram(s)</code>		<code r2="006" r3="pg">picogram(s)</code>		<code r2="007" r3="mg/kg">milligram(s)/kilogram</code>		<code r2="008" r3="ug/kg">microgram(s)/kilogram</code>		<code r2="009" r3="mg/m2">milligram(s)/sq. meter</code>		<code r2="010" r3="ug/m2">microgram(s)/ sq. meter</code>		<code r2="011" r3="L">litre(s)</code>		<code r2="012" r3="mL">millilitre(s)</code>		<code r2="013" r3="uL">microlitre(s)</code>		<code r2="014" r3="Bq">becquerel(s)</code>		<code r2="015" r3="GBq">gigabecquerel(s)</code>		<code r2="016" r3="MBq">megabecquerel(s)</code>		<code r2="017" r3="kBq">kilobecquerel(s)</code>		<code r2="018" r3="Ci">curie(s)</code>		<code r2="019" r3="mCi">millicurie(s)</code>		<code r2="020" r3="uCi">microcurie(s)</code>		<code r2="021" r3="nCi">nanocurie(s)</code>		<code r2="022" r3="mol">mole(s)</code>		<code r2="023" r3="mmol">millimole(s)</code>		<code r2="024" r3="umol">micromole(s)</code>		<code r2="025" r3="iU">international unit(s)</code>		<code r2="026" r3="kiU">iu(1000s)</code>		<code r2="027" r3="MiU">iu(1,000,000s)</code>		<code r2="028" r3="iU/kg">iu/kilogram</code>		<code r2="029" r3="meq">milliequivalent(s)</code>		<code r2="030" r3="%">percent</code>		<code r2="031" r3="drp">drop(s)</code>		<code r2="032" r3="DF">dosage form</code>		<code r2="800" r3="{decade}">Decade</code>		<code r2="801" r3="a">Year</code>		<code r2="802" r3="mo">Month</code>		<code r2="803" r3="wk">Week</code>		<code r2="804" r3="d">Day</code>		<code r2="805" r3="h">Hour</code>		<code r2="806" r3="min">Minute</code>		<code r2="807" r3="s">Second</code>		<code r2="810" r3="{trimester}">Trimester</code>	</mapping-code>	<mapping-code type="ROUTE">		<code r2="001" r3="Auricular (otic)"/>		<code r2="002" r3="Buccal"/>		<code r2="003" r3="Cutaneous"/>		<code r2="004" r3="Dental"/>		<code r2="005" r3="Endocervical"/>		<code r2="006" r3="Endosinusial"/>		<code r2="007" r3="Endotracheal"/>		<code r2="008" r3="Epidural"/>		<code r2="009" r3="Extra-amniotic"/>		<code r2="010" r3="Hemodialysis"/>		<code r2="011" r3="Intra corpus cavernosum"/>		<code r2="012" r3="Intra-amniotic"/>		<code r2="013" r3="Intra-arterial"/>		<code r2="014" r3="Intra-articular"/>		<code r2="015" r3="Intra-uterine"/>		<code r2="016" r3="Intracardiac"/>		<code r2="017" r3="Intracavernous"/>		<code r2="018" r3="Intracerebral"/>		<code r2="019" r3="Intracervical"/>		<code r2="020" r3="Intracisternal"/>		<code r2="021" r3="Intracorneal"/>		<code r2="022" r3="Intracoronary"/>		<code r2="023" r3="Intradermal"/>		<code r2="024" r3="Intradiscal (intraspinal)"/>		<code r2="025" r3="Intrahepatic"/>		<code r2="026" r3="Intralesional"/>		<code r2="027" r3="Intralymphatic"/>		<code r2="028" r3="Intramedullar (bone marrow)"/>		<code r2="029" r3="Intrameningeal"/>		<code r2="030" r3="Intramuscular"/>		<code r2="031" r3="Intraocular"/>		<code r2="032" r3="Intrapericardial"/>		<code r2="033" r3="Intraperitoneal"/>		<code r2="034" r3="Intrapleural"/>		<code r2="035" r3="Intrasynovial"/>		<code r2="036" r3="Intratumor"/>		<code r2="037" r3="Intrathecal"/>		<code r2="038" r3="Intrathoracic"/>		<code r2="039" r3="Intratracheal"/>		<code r2="040" r3="Intravenous bolus"/>		<code r2="041" r3="Intravenous drip"/>		<code r2="042" r3="Intravenous (not otherwise specified)"/>		<code r2="043" r3="Intravesical"/>		<code r2="044" r3="Iontophoresis"/>		<code r2="045" r3="Nasal"/>		<code r2="046" r3="Occlusive dressing technique"/>		<code r2="047" r3="Ophthalmic"/>		<code r2="048" r3="Oral"/>		<code r2="049" r3="Oropharingeal"/>		<code r2="050" r3="Other"/>		<code r2="051" r3="Parenteral"/>		<code r2="052" r3="Periarticular"/>		<code r2="053" r3="Perineural"/>		<code r2="054" r3="Rectal"/>		<code r2="055" r3="Respiratory (inhalation)"/>		<code r2="056" r3="Retrobulbar"/>		<code r2="057" r3="Sunconjunctival"/>		<code r2="058" r3="Subcutaneous"/>		<code r2="059" r3="Subdermal"/>		<code r2="060" r3="Sublingual"/>		<code r2="061" r3="Topical"/>		<code r2="062" r3="Transdermal"/>		<code r2="063" r3="Transmammary"/>		<code r2="064" r3="Transplacental"/>		<code r2="065" r3="Unknown"/>		<code r2="066" r3="Urethral"/>		<code r2="067" r3="Vaginal"/>	</mapping-code>	<mapping-code type="YESNO">		<code r2="1" r3="true">Yes</code>		<code r2="2" r3="false">No</code>		<code r2="3" r3="Unknown">Unknown</code>	</mapping-code>	<mapping-code type="INTERPRETATION">		<code r2="Positive" r3="1"/>		<code r2="Negative" r3="2"/>		<code r2="Borderline" r3="3"/>		<code r2="Inconclusive" r3="4"/>	</mapping-code>	<mapping-id-text>		<text id="1">Counterfeit</text>		<text id="2">Overdose</text>		<text id="3">Drug taken by the father</text>		<text id="4">Drug taken beyond expiry date</text>		<text id="5">Batch and lot tested and found within specifications</text>		<text id="6">Batch and lot tested and found not within specifications</text>		<text id="7">Medication error</text>		<text id="8">Misuse</text>		<text id="9">Abuse</text>		<text id="10">Occupational exposure</text>		<text id="11">Off label use</text>	</mapping-id-text></mapping-codes>