<?xml version="1.0" encoding="utf-8"?><!DOCTYPE ichicsrack SYSTEM "ich-icsrack-v1_1.dtd">
<ichicsrack lang="en">
	<ichicsrmessageheader>
		<messagetype>ichicsrack</messagetype>
		<messageformatversion>2.1</messageformatversion>
		<messageformatrelease>1.0</messageformatrelease>
		<messagenumb>msg number</messagenumb>
		<messagesenderidentifier>msg sender</messagesenderidentifier>
		<messagereceiveridentifier>msg receiver</messagereceiveridentifier>
		<messagedateformat>204</messagedateformat>
		<messagedate>20100516102030</messagedate>
	</ichicsrmessageheader>
	<acknowledgment>
		<messageacknowledgment>
			<icsrmessagenumb>icsr number</icsrmessagenumb>
			<icsrmessagesenderidentifier>icsr sender</icsrmessagesenderidentifier>
			<icsrmessagereceiveridentifier>icsr receiver</icsrmessagereceiveridentifier>
			<icsrmessagedateformat>204</icsrmessagedateformat>
			<icsrmessagedate>20100506112233</icsrmessagedate>
			<transmissionacknowledgmentcode>01</transmissionacknowledgmentcode>
		</messageacknowledgment>
		<reportacknowledgment>
			<safetyreportid>report id #1</safetyreportid>
			<reportacknowledgmentcode>01</reportacknowledgmentcode>
		</reportacknowledgment>
		<reportacknowledgment>
			<safetyreportid>report id #2</safetyreportid>
			<reportacknowledgmentcode>01</reportacknowledgmentcode>
		</reportacknowledgment>
	</acknowledgment>
</ichicsrack>