<?xml version="1.0" encoding="utf-8"?><!DOCTYPE ichicsrack SYSTEM "ich-icsrack-v1_1.dtd">
<ichicsrack lang="en">
	<ichicsrmessageheader>
		<messagetype>ichicsrack</messagetype>
		<messageformatversion>2.1</messageformatversion>
		<messageformatrelease>1.0</messageformatrelease>
		<messagenumb>msg number</messagenumb>
		<messagesenderidentifier>msg sender</messagesenderidentifier>
		<messagereceiveridentifier>msg receiver</messagereceiveridentifier>
		<messagedateformat>204</messagedateformat>
		<messagedate>20100516102030</messagedate>
	</ichicsrmessageheader>
	<acknowledgment>
		<messageacknowledgment>
			<icsrmessagenumb>icsr number</icsrmessagenumb>
			<localmessagenumb>local number</localmessagenumb>
			<icsrmessagesenderidentifier>icsr sender</icsrmessagesenderidentifier>
			<icsrmessagereceiveridentifier>icsr receiver</icsrmessagereceiveridentifier>
			<icsrmessagedateformat>204</icsrmessagedateformat>
			<icsrmessagedate>20100506112233</icsrmessagedate>
			<transmissionacknowledgmentcode>02</transmissionacknowledgmentcode>
			<parsingerrormessage>parsing error message</parsingerrormessage>
		</messageacknowledgment>
		<reportacknowledgment>
			<safetyreportid>report id #1</safetyreportid>
			<safetyreportversion>report version #1</safetyreportversion>
			<localreportnumb>local report number #1</localreportnumb>
			<authoritynumb>aut number #123 1</authoritynumb>
			<companynumb>cmp number #456 1</companynumb>
			<receiptdateformat>102</receiptdateformat>
			<receiptdate>20100516</receiptdate>
			<reportacknowledgmentcode>02</reportacknowledgmentcode>
			<errormessagecomment>error message #1</errormessagecomment>
		</reportacknowledgment>
		<reportacknowledgment>
			<safetyreportid>report id #2</safetyreportid>
			<safetyreportversion>report version #2</safetyreportversion>
			<localreportnumb>local report number #2</localreportnumb>
			<authoritynumb>aut number #123 1</authoritynumb>
			<companynumb>cmp number #456 2</companynumb>
			<receiptdateformat>102</receiptdateformat>
			<receiptdate>20100523</receiptdate>
			<reportacknowledgmentcode>02</reportacknowledgmentcode>
			<errormessagecomment>error message #2</errormessagecomment>
		</reportacknowledgment>
	</acknowledgment>
</ichicsrack>