<?xml version="1.0" encoding="utf-8"?>
<!-- Reference Instance for ICSR ACK, v0.1 - 30/07/2010 -->
<MCCI_IN200101UV01 ITSVersion="XML_1.0" xsi:schemaLocation="urn:hl7-org:v3 multicacheschemas/MCCI_IN200101UV01.xsd" xmlns="urn:hl7-org:v3" xmlns:fo="http://www.w3.org/1999/XSL/Format" xmlns:mif="urn:hl7-org:v3/mif" xmlns:xsi="http://www.w3.org/2001/XMLSchema-instance">
	<id extension="msg number" root="ich-ack-batch-number-oid"/>
	<creationTime value="201005161020+06"/>
	<responseModeCode code="D"/>
	<interactionId extension="MCCI_IN200100UV01" root="2.16.840.1.113883.1.6"/>
	<!-- Ack Message #1 -->
	<MCCI_IN000002UV01>
		<id extension="ack_messageNumber1" root="ich-local-report-number-oid"/>
		<creationTime value="20100516102030"/>
		<interactionId extension="MCCI_IN000002UV01" root="2.16.840.1.113883.1.6"/>
		<processingCode code="P"/>
		<processingModeCode code="T"/>
		<acceptAckCode code="NE"/>
		<receiver typeCode="RCV">
			<device classCode="DEV" determinerCode="INSTANCE">
				<id extension="receiver id" root="ich-ack-receiver-identifier-oid"/>
			</device>
		</receiver>
		<sender typeCode="SND">
			<device classCode="DEV" determinerCode="INSTANCE">
				<id extension="sender id" root="ich-ack-sender-identifier-oid"/>
			</device>
		</sender>
		<attentionLine>
			<keyWordText code="receiptDate" codeSystem="ich-date-of-creation-oid"/>
			<value xsi:type="TS" value="20110105"/>
		</attentionLine>
		<acknowledgement typeCode="CR">
			<!-- B.1.8: ReportAcknowledgmentCode -->
			<targetMessage>
				<id extension="messageNumber1" root="ich-senders-safety-report-identifier-oid"/>
			</targetMessage>
			<acknowledgementDetail>
				<text>Error Message of Comment</text>
			</acknowledgementDetail>
		</acknowledgement>
	</MCCI_IN000002UV01>
	<!-- Ack Message #1 -->
	<!-- Ack Message #2 -->
	<MCCI_IN000002UV01>
		<id extension="ack_messageNumber2" root="ich-local-report-number-oid"/>
		<creationTime value="20100516102031"/>
		<interactionId extension="MCCI_IN000002UV01" root="2.16.840.1.113883.1.6"/>
		<processingCode code="P"/>
		<processingModeCode code="T"/>
		<acceptAckCode code="NE"/>
		<receiver typeCode="RCV">
			<device classCode="DEV" determinerCode="INSTANCE">
				<id extension="receiver id" root="ich-ack-receiver-identifier-oid"/>
			</device>
		</receiver>
		<sender typeCode="SND">
			<device classCode="DEV" determinerCode="INSTANCE">
				<id extension="sender id" root="ich-ack-sender-identifier-oid"/>
			</device>
		</sender>
		<attentionLine>
			<keyWordText code="receiptDate" codeSystem="ich-date-of-creation-oid"/>
			<value xsi:type="TS" value="201101051030"/>
		</attentionLine>
		<acknowledgement typeCode="CR">
			<!-- B.1.8: ReportAcknowledgmentCode -->
			<targetMessage>
				<id extension="messageNumber2" root="ich-senders-safety-report-identifier-oid"/>
			</targetMessage>
			<acknowledgementDetail>
				<text>Error Message of Comment</text>
			</acknowledgementDetail>
		</acknowledgement>
	</MCCI_IN000002UV01>
	<!-- Ack Message #2 -->
	<receiver typeCode="RCV">
		<device classCode="DEV" determinerCode="INSTANCE">
			<id extension="ack receiver" root="ich-ack-batch-receiver-identifier-oid"/>
		</device>
	</receiver>
	<sender typeCode="SND">
		<device classCode="DEV" determinerCode="INSTANCE">
			<id extension="ack sender" root="ich-ack-batch-sender-identifier-oid"/>
		</device>
	</sender>
	<attentionLine>
    <keyWordText code="acknowledgementLocalMessageNumber" codeSystem="ich-attentionLine-code-oid"/>
    <value xsi:type="II" extension="ACK local Message Nbr" root="ich-ack-local-message-number-oid"/>
  </attentionLine>
  <attentionLine>
    <keyWordText code="dateOfIcsrBatchTransmission" codeSystem="ich-attentionLine-code-oid"/>
    <value xsi:type="TS" value="20100722"/>
  </attentionLine>
  <acknowledgement typeCode="AR">
    <targetBatch>
      <id extension="Batch Nbr" root="sender-identifier-value"/>
    </targetBatch>
    <acknowledgementDetail>
      <text>Batch Validation Error</text>
    </acknowledgementDetail>
  </acknowledgement>
</MCCI_IN200101UV01>
