<?xml version="1.0" encoding="UTF-8"?>
<!DOCTYPE ichicsr SYSTEM "ich-icsr-v2-1.dtd">
<ichicsr lang="en">
	<ichicsrmessageheader>
		<messagetype>ichicsr</messagetype>
		<messageformatversion>2.1</messageformatversion>
		<messageformatrelease>1.0</messageformatrelease>
		<messagenumb>msg-number</messagenumb>
		<messagesenderidentifier>msg-sender</messagesenderidentifier>
		<messagereceiveridentifier>msg-receiver</messagereceiveridentifier>
		<messagedateformat>204</messagedateformat>
		<messagedate>20110101103045</messagedate>
	</ichicsrmessageheader>
	<safetyreport>
		<safetyreportversion/>
		<safetyreportid>FR-report-id</safetyreportid>
		<primarysourcecountry/>
		<occurcountry/>
		<transmissiondateformat>102</transmissiondateformat>
		<transmissiondate>20110102</transmissiondate>
		<reporttype/>
		<serious/>
		<seriousnessdeath/>
		<seriousnesslifethreatening/>
		<seriousnesshospitalization/>
		<seriousnessdisabling/>
		<seriousnesscongenitalanomali/>
		<seriousnessother/>
		<receivedateformat/>
		<receivedate/>
		<receiptdateformat/>
		<receiptdate/>
		<additionaldocument/>
		<fulfillexpeditecriteria/>
		<authoritynumb/>
		<companynumb/>
		<duplicate/>
		<primarysource>
			<reportertitle/>
			<reportergivename/>
			<reportermiddlename/>
			<reporterfamilyname/>
			<reporterorganization/>
			<reporterdepartment/>
			<reporterstreet/>
			<reportercity/>
			<reporterstate/>
			<reporterpostcode/>
			<reportercountry/>
			<qualification/>
		</primarysource>
		<sender>
			<senderorganization>sender-org</senderorganization>
		</sender>
		<receiver>
			<receivertype>1</receivertype>
			<receiverorganization>rcv-org</receiverorganization>
		</receiver>
		<patient>
			<patientinitial/>
			<patientgpmedicalrecordnumb/>
			<patientspecialistrecordnumb/>
			<patienthospitalrecordnumb/>
			<patientinvestigationnumb/>
			<patientbirthdateformat/>
			<patientbirthdate/>
			<patientonsetage/>
			<patientonsetageunit/>
			<gestationperiod/>
			<gestationperiodunit/>
			<patientagegroup/>
			<patientweight/>
			<patientheight/>
			<patientsex/>
			<lastmenstrualdateformat/>
			<patientlastmenstrualdate/>
			<patientmedicalhistorytext/>
			<resultstestsprocedures/>
			<reaction>
				<primarysourcereaction>reaction</primarysourcereaction>
				<reactionmeddraversionllt>11.0</reactionmeddraversionllt>
				<reactionmeddrallt>12345678</reactionmeddrallt>
				<termhighlighted>1</termhighlighted>
				<reactionstartdateformat>102</reactionstartdateformat>
				<reactionstartdate>20110115</reactionstartdate>
				<reactionenddateformat>102</reactionenddateformat>
				<reactionenddate>20110116</reactionenddate>
				<reactionfirsttime></reactionfirsttime>
				<reactionfirsttimeunit></reactionfirsttimeunit>
				<reactionlasttime></reactionlasttime>
				<reactionlasttimeunit></reactionlasttimeunit>
				<reactionoutcome></reactionoutcome>
			</reaction>
			<drug>
				<drugcharacterization/>
				<medicinalproduct/>
				<obtaindrugcountry/>
				<drugbatchnumb/>
				<drugauthorizationnumb/>
				<drugauthorizationcountry/>
				<drugauthorizationholder/>
				<drugstructuredosagenumb/>
				<drugstructuredosageunit/>
				<drugseparatedosagenumb/>
				<drugintervaldosageunitnumb/>
				<drugintervaldosagedefinition/>
				<drugcumulativedosagenumb/>
				<drugcumulativedosageunit/>
				<drugdosagetext/>
				<drugdosageform/>
				<drugadministrationroute/>
				<drugparadministration/>
				<reactiongestationperiod/>
				<reactiongestationperiodunit/>
				<drugindicationmeddraversion/>
				<drugindication/>
				<drugstartdateformat/>
				<drugstartdate/>
				<drugstartperiod/>
				<drugstartperiodunit/>
				<druglastperiod/>
				<druglastperiodunit/>
				<drugenddateformat/>
				<drugenddate/>
				<drugtreatmentduration/>
				<drugtreatmentdurationunit/>
				<actiondrug/>
				<drugrecurreadministration/>
				<drugadditional>additional information</drugadditional>
			</drug>
		</patient>
	</safetyreport>
</ichicsr>
