<?xml version="1.0" encoding="UTF-8"?>
<!DOCTYPE ichicsr SYSTEM "ich-icsr-v2-1.dtd">
<ichicsr lang="en">
	<ichicsrmessageheader>
		<messagetype>ichicsr</messagetype>
		<messageformatversion>2.1</messageformatversion>
		<messageformatrelease>1.0</messageformatrelease>
		<messagenumb>msg-number</messagenumb>
		<messagesenderidentifier>msg-sender</messagesenderidentifier>
		<messagereceiveridentifier>msg-receiver</messagereceiveridentifier>
		<messagedateformat>204</messagedateformat>
		<messagedate>20110101103045</messagedate>
	</ichicsrmessageheader>
	<safetyreport>
		<safetyreportversion>1</safetyreportversion>
		<safetyreportid>FR-report-id</safetyreportid>
		<primarysourcecountry>FR</primarysourcecountry>
		<occurcountry>FR</occurcountry>
		<transmissiondateformat>102</transmissiondateformat>
		<transmissiondate>20110102</transmissiondate>
		<reporttype>1</reporttype>
		<serious>1</serious>
		<seriousnessdeath>1</seriousnessdeath>
		<seriousnesslifethreatening>1</seriousnesslifethreatening>
		<seriousnesshospitalization>1</seriousnesshospitalization>
		<seriousnessdisabling>1</seriousnessdisabling>
		<seriousnesscongenitalanomali>1</seriousnesscongenitalanomali>
		<seriousnessother>1</seriousnessother>
		<receivedateformat>102</receivedateformat>
		<receivedate>20110103</receivedate>
		<receiptdateformat>102</receiptdateformat>
		<receiptdate>20110104</receiptdate>
		<additionaldocument>2</additionaldocument>
		<fulfillexpeditecriteria>1</fulfillexpeditecriteria>
		<authoritynumb>AUTH NBR</authoritynumb>
		<companynumb></companynumb>
		<duplicate>1</duplicate>
		<casenullification>1</casenullification>
		<nullificationreason></nullificationreason>
		<reportduplicate>
			<duplicatesource>src</duplicatesource>
			<duplicatenumb>id</duplicatenumb>
		</reportduplicate>
		<linkedreport>
			<linkreportnumb>nbr</linkreportnumb>
		</linkedreport>
		<primarysource>
			<reportertitle>PRIVACY</reportertitle>
			<reportergivename>UNKNOWN</reportergivename>
			<reportermiddlename>UNKNOWN</reportermiddlename>
			<reporterfamilyname>PRIVACY</reporterfamilyname>
			<reporterorganization>UNKNOWN</reporterorganization>
			<reporterdepartment>UNKNOWN</reporterdepartment>
			<reporterstreet>UNKNOWN</reporterstreet>
			<reportercity>PRIVACY</reportercity>
			<reporterstate>UNKNOWN</reporterstate>
			<reporterpostcode>PRIVACY</reporterpostcode>
			<qualification>1</qualification>
			<literaturereference>lit-ref</literaturereference>
			<studyname>study-name</studyname>
			<sponsorstudynumb>sponsor-number</sponsorstudynumb>
			<observestudytype>1</observestudytype>
		</primarysource>
		<sender>
			<sendertype>6</sendertype>
			<senderorganization>PRIVACY</senderorganization>
			<senderdepartment>PRIVACY</senderdepartment>
			<sendertitle>PRIVACY</sendertitle>
			<sendergivename>PRIVACY</sendergivename>
			<sendermiddlename>PRIVACY</sendermiddlename>
			<senderfamilyname>PRIVACY</senderfamilyname>
			<senderstreetaddress>PRIVACY</senderstreetaddress>
			<sendercity>PRIVACY</sendercity>
			<senderstate>PRIVACY</senderstate>
			<senderpostcode>PRIVACY</senderpostcode>
			<sendertel>PRIVACY</sendertel>
			<senderfax>PRIVACY</senderfax>
			<senderemailaddress>PRIVACY</senderemailaddress>
		</sender>
		<receiver>
			<receivertype>1</receivertype>
			<receiverorganization>rcv-org</receiverorganization>
			<receiverdepartment>rcv-dept</receiverdepartment>
			<receivergivename>rcv-gname</receivergivename>
			<receiverfamilyname>rcv-fname</receiverfamilyname>
		</receiver>
		<patient>
			<patientinitial>initials</patientinitial>
			<patientgpmedicalrecordnumb>12</patientgpmedicalrecordnumb>
			<patientspecialistrecordnumb>34</patientspecialistrecordnumb>
			<patienthospitalrecordnumb>56</patienthospitalrecordnumb>
			<patientinvestigationnumb>78</patientinvestigationnumb>
			<patientbirthdateformat>102</patientbirthdateformat>
			<patientbirthdate>19660410</patientbirthdate>
			<patientonsetage>45</patientonsetage>
			<patientonsetageunit>801</patientonsetageunit>
			<gestationperiod>3</gestationperiod>
			<gestationperiodunit>802</gestationperiodunit>
			<patientagegroup>1</patientagegroup>
			<patientweight>10</patientweight>
			<patientheight>50</patientheight>
			<patientsex>1</patientsex>
			<lastmenstrualdateformat>102</lastmenstrualdateformat>
			<patientlastmenstrualdate>20110106</patientlastmenstrualdate>
			<patientmedicalhistorytext>patient medical history text</patientmedicalhistorytext>
			<resultstestsprocedures></resultstestsprocedures>
			<medicalhistoryepisode>
				<patientepisodenamemeddraversion>11.0</patientepisodenamemeddraversion>
				<patientepisodename>12345678</patientepisodename>
				<patientmedicalstartdateformat>102</patientmedicalstartdateformat>
				<patientmedicalstartdate>20110107</patientmedicalstartdate>
				<patientmedicalcontinue>1</patientmedicalcontinue>
				<patientmedicalenddateformat>102</patientmedicalenddateformat>
				<patientmedicalenddate>20110108</patientmedicalenddate>
				<patientmedicalcomment>comment</patientmedicalcomment>
			</medicalhistoryepisode>
			<patientpastdrugtherapy>
				<patientdrugname>drug name</patientdrugname>
				<patientdrugstartdateformat>102</patientdrugstartdateformat>
				<patientdrugstartdate>20110108</patientdrugstartdate>
				<patientdrugenddateformat>102</patientdrugenddateformat>
				<patientdrugenddate>20110110</patientdrugenddate>
				<patientindicationmeddraversion>11.0</patientindicationmeddraversion>
				<patientdrugindication>12345678</patientdrugindication>
				<patientdrgreactionmeddraversion>11.1</patientdrgreactionmeddraversion>
				<patientdrugreaction>87654321</patientdrugreaction>
			</patientpastdrugtherapy>
			<patientdeath>
				<patientdeathdateformat>102</patientdeathdateformat>
				<patientdeathdate>20110108</patientdeathdate>
				<patientautopsyyesno>1</patientautopsyyesno>
				<patientdeathcause>
					<patientdeathreportmeddraversion>11.0</patientdeathreportmeddraversion>
					<patientdeathreport>12345678</patientdeathreport>
				</patientdeathcause>
				<patientautopsy>
					<patientdetermautopsmeddraversion>11.1</patientdetermautopsmeddraversion>
					<patientdetermineautopsy>87654321</patientdetermineautopsy>
				</patientautopsy>
				<patientautopsy>
					<patientdetermautopsmeddraversion>11.1</patientdetermautopsmeddraversion>
					<patientdetermineautopsy>autopsy cause</patientdetermineautopsy>
				</patientautopsy>
			</patientdeath>
			<parent>
				<parentidentification>par-initials</parentidentification>
				<parentbirthdateformat></parentbirthdateformat>
				<parentbirthdate></parentbirthdate>
				<parentage></parentage>
				<parentageunit></parentageunit>
				<parentlastmenstrualdateformat>102</parentlastmenstrualdateformat>
				<parentlastmenstrualdate>20110112</parentlastmenstrualdate>
				<parentweight>65</parentweight>
				<parentheight>175</parentheight>
				<parentsex>2</parentsex>
				<parentmedicalrelevanttext></parentmedicalrelevanttext>
				<parentmedicalhistoryepisode>
					<parentmdepisodemeddraversion>11.1</parentmdepisodemeddraversion>
					<parentmedicalepisodename>12345678</parentmedicalepisodename>
					<parentmedicalstartdateformat>102</parentmedicalstartdateformat>
					<parentmedicalstartdate>20110114</parentmedicalstartdate>
					<parentmedicalcontinue>1</parentmedicalcontinue>
					<parentmedicalenddateformat>102</parentmedicalenddateformat>
					<parentmedicalenddate>20110213</parentmedicalenddate>
					<parentmedicalcomment>comment</parentmedicalcomment>
				</parentmedicalhistoryepisode>
				<parentpastdrugtherapy>
					<parentdrugname>drug name</parentdrugname>
					<parentdrugstartdateformat>102</parentdrugstartdateformat>
					<parentdrugstartdate>20110113</parentdrugstartdate>
					<parentdrugenddateformat>102</parentdrugenddateformat>
					<parentdrugenddate>20110114</parentdrugenddate>
					<parentdrgindicationmeddraversion>11.0</parentdrgindicationmeddraversion>
					<parentdrugindication>12345678</parentdrugindication>
					<parentdrgreactionmeddraversion>11.1</parentdrgreactionmeddraversion>
					<parentdrugreaction>87654321</parentdrugreaction>
				</parentpastdrugtherapy>
			</parent>
			<reaction>
				<primarysourcereaction></primarysourcereaction>
				<reactionmeddraversionllt>11.0</reactionmeddraversionllt>
				<reactionmeddrallt>12345678</reactionmeddrallt>
				<termhighlighted>2</termhighlighted>
				<reactionstartdateformat>203</reactionstartdateformat>
				<reactionstartdate>201101151030</reactionstartdate>
				<reactionenddateformat>203</reactionenddateformat>
				<reactionenddate>201101151035</reactionenddate>
				<reactionduration>5</reactionduration>
				<reactiondurationunit>806</reactiondurationunit>
				<reactionfirsttime>1</reactionfirsttime>
				<reactionfirsttimeunit>801</reactionfirsttimeunit>
				<reactionlasttime></reactionlasttime>
				<reactionlasttimeunit></reactionlasttimeunit>
				<reactionoutcome>1</reactionoutcome>
			</reaction>
			<reaction>
				<primarysourcereaction></primarysourcereaction>
				<reactionmeddraversionllt>11.1</reactionmeddraversionllt>
				<reactionmeddrallt>87654321</reactionmeddrallt>
				<termhighlighted>3</termhighlighted>
				<reactionstartdateformat>203</reactionstartdateformat>
				<reactionstartdate>201101151030</reactionstartdate>
				<reactionenddateformat>203</reactionenddateformat>
				<reactionenddate>201101151035</reactionenddate>
				<reactionduration>5</reactionduration>
				<reactiondurationunit>806</reactiondurationunit>
				<reactionfirsttime>2</reactionfirsttime>
				<reactionfirsttimeunit>802</reactionfirsttimeunit>
				<reactionlasttime></reactionlasttime>
				<reactionlasttimeunit></reactionlasttimeunit>
				<reactionoutcome>2</reactionoutcome>
			</reaction>
			<test>
				<testdateformat>102</testdateformat>
				<testdate>20110120</testdate>
				<testname>12345678</testname>
				<testresult>result</testresult>
				<testunit></testunit>
				<lowtestrange></lowtestrange>
				<hightestrange></hightestrange>
				<moreinformation></moreinformation>
			</test>
			<drug>
				<drugcharacterization>1</drugcharacterization>
				<medicinalproduct>drug name #1</medicinalproduct>
				<obtaindrugcountry>FR</obtaindrugcountry>
				<drugbatchnumb/>
				<drugauthorizationnumb>number #1</drugauthorizationnumb>
				<drugauthorizationcountry>EU</drugauthorizationcountry>
				<drugauthorizationholder>holder #1</drugauthorizationholder>
				<drugstructuredosagenumb>5</drugstructuredosagenumb>
				<drugstructuredosageunit>007</drugstructuredosageunit>
				<drugseparatedosagenumb></drugseparatedosagenumb>
				<drugintervaldosageunitnumb>1</drugintervaldosageunitnumb>
				<drugintervaldosagedefinition>802</drugintervaldosagedefinition>
				<drugcumulativedosagenumb/>
				<drugcumulativedosageunit/>
				<drugdosagetext>dosage text</drugdosagetext>
				<drugdosageform/>
				<drugadministrationroute/>
				<drugparadministration/>
				<reactiongestationperiod>3</reactiongestationperiod>
				<reactiongestationperiodunit>802</reactiongestationperiodunit>
				<drugindicationmeddraversion>11.0</drugindicationmeddraversion>
				<drugindication>12345678</drugindication>
				<drugstartdateformat>102</drugstartdateformat>
				<drugstartdate>20110120</drugstartdate>
				<drugstartperiod>1</drugstartperiod>
				<drugstartperiodunit>802</drugstartperiodunit>
				<druglastperiod>2</druglastperiod>
				<druglastperiodunit>803</druglastperiodunit>
				<drugenddateformat>102</drugenddateformat>
				<drugenddate>20110121</drugenddate>
				<drugtreatmentduration></drugtreatmentduration>
				<drugtreatmentdurationunit></drugtreatmentdurationunit>
				<actiondrug>1</actiondrug>
				<drugrecurreadministration>1</drugrecurreadministration>
				<drugadditional>additional information</drugadditional>
				<activesubstance>
					<activesubstancename>substance</activesubstancename>
				</activesubstance>
				<drugrecurrence>
					<drugrecuractionmeddraversion>11.0</drugrecuractionmeddraversion>
					<drugrecuraction>12345678</drugrecuraction>
				</drugrecurrence>
				<drugreactionrelatedness>
					<drugreactionassesmeddraversion>11.1</drugreactionassesmeddraversion>
					<drugreactionasses>12345678</drugreactionasses>
					<drugassessmentsource>source</drugassessmentsource>
					<drugassessmentmethod>method</drugassessmentmethod>
					<drugresult>result</drugresult>
				</drugreactionrelatedness>
			</drug>
			<drug>
				<drugcharacterization>1</drugcharacterization>
				<medicinalproduct>drug name #2</medicinalproduct>
				<obtaindrugcountry>BE</obtaindrugcountry>
				<drugbatchnumb/>
				<drugauthorizationnumb>number #2</drugauthorizationnumb>
				<drugauthorizationcountry>FR</drugauthorizationcountry>
				<drugauthorizationholder>holder #2</drugauthorizationholder>
				<drugstructuredosagenumb>5</drugstructuredosagenumb>
				<drugstructuredosageunit>009</drugstructuredosageunit>
				<drugseparatedosagenumb>1</drugseparatedosagenumb>
				<drugintervaldosageunitnumb>12</drugintervaldosageunitnumb>
				<drugintervaldosagedefinition>804</drugintervaldosagedefinition>
				<drugcumulativedosagenumb></drugcumulativedosagenumb>
				<drugcumulativedosageunit></drugcumulativedosageunit>
				<drugdosagetext>dosage text</drugdosagetext>
				<drugdosageform/>
				<drugadministrationroute/>
				<drugparadministration/>
				<reactiongestationperiod>3</reactiongestationperiod>
				<reactiongestationperiodunit>802</reactiongestationperiodunit>
				<drugindicationmeddraversion>11.0</drugindicationmeddraversion>
				<drugindication>12345678</drugindication>
				<drugstartdateformat>102</drugstartdateformat>
				<drugstartdate>20110120</drugstartdate>
				<drugstartperiod>1</drugstartperiod>
				<drugstartperiodunit>802</drugstartperiodunit>
				<druglastperiod>2</druglastperiod>
				<druglastperiodunit>803</druglastperiodunit>
				<drugenddateformat>102</drugenddateformat>
				<drugenddate>20110121</drugenddate>
				<drugtreatmentduration/>
				<drugtreatmentdurationunit/>
				<actiondrug>2</actiondrug>
				<drugrecurreadministration>1</drugrecurreadministration>
				<drugadditional/>
				<activesubstance>
					<activesubstancename>substance</activesubstancename>
				</activesubstance>
				<drugrecurrence>
					<drugrecuractionmeddraversion>11.0</drugrecuractionmeddraversion>
					<drugrecuraction>12345678</drugrecuraction>
				</drugrecurrence>
				<drugrecurrence>
					<drugrecuractionmeddraversion>11.1</drugrecuractionmeddraversion>
					<drugrecuraction>87654321</drugrecuraction>
				</drugrecurrence>
				<drugreactionrelatedness>
					<drugreactionassesmeddraversion>11.1</drugreactionassesmeddraversion>
					<drugreactionasses>12345678</drugreactionasses>
					<drugassessmentsource>source</drugassessmentsource>
					<drugassessmentmethod>method</drugassessmentmethod>
					<drugresult>result</drugresult>
				</drugreactionrelatedness>
			</drug>
			<summary>
				<narrativeincludeclinical>case narrative</narrativeincludeclinical>
				<reportercomment>reporter comment</reportercomment>
				<senderdiagnosismeddraversion>11.1</senderdiagnosismeddraversion>
				<senderdiagnosis>12345678</senderdiagnosis>
				<sendercomment>sender comment</sendercomment>
			</summary>
		</patient>
	</safetyreport>
</ichicsr>
