<?xml version="1.0" encoding="UTF-8"?>
<MCCI_IN200100UV01 ITSVersion="XML_1.0" xsi:schemaLocation="urn:hl7-org:v3 multicacheschemas/MCCI_IN200100UV01.xsd" xmlns="urn:hl7-org:v3" xmlns:mif="urn:hl7-org:v3/mif" xmlns:xsi="http://www.w3.org/2001/XMLSchema-instance">
	<id extension="batch number" root="sender-identifier-value"/>
	<!-- M1.4: Batch Number -->
	<creationTime value="20110101103045"/>
	<!-- M1.7: Date of Transmission in the Batch -->
	<responseModeCode code="D"/>
	<interactionId extension="MCCI_IN200100UV01" root="2.16.840.1.113883.1.6"/>
	<name code="ichicsr" codeSystem="ich-type-of-message-in-batch-oid"/>
	<!-- Message #1 -->
	<PORR_IN049016UV>
		<id extension="message number" root="ich-senders-safety-report-identifier-oid"/>
		<creationTime value="20110101103044"/>
		<!-- M.2.r.7: Date of Message Transmission -->
		<interactionId extension="MCCI_IN200100UV01" root="2.16.840.1.113883.1.6"/>
		<processingCode code="P"/>
		<processingModeCode code="T"/>
		<acceptAckCode code="AL"/>
		<receiver typeCode="RCV">
			<device classCode="DEV" determinerCode="INSTANCE">
				<id extension="message receiver id" root="ich-message-receiver-identifier-oid"/>
			</device>
		</receiver>
		<sender typeCode="SND">
			<device classCode="DEV" determinerCode="INSTANCE">
				<id extension="message sender id" root="ich-message-sender-identifier-oid"/>
			</device>
		</sender>
		<controlActProcess moodCode="EVN" classCode="CACT">
			<code code="PORR_TE049016UV" codeSystem="2.16.840.1.113883.1.18"/>
			<!-- HL7 Trigger Event ID -->
			<effectiveTime value="20110101103054"/>
			<!-- A1.3: Date of Creation -->
			<subject typeCode="SUBJ">
				<investigationEvent classCode="INVSTG" moodCode="EVN">
					<id extension="case identifier" root="ich-senders-safety-report-identifier-oid"/>
					<!-- A.1.0.1: Sender's (case) Safety Report Unique Identifier -->
					<id extension="ww case identifier" root="ich-worldwide-case-identifier-oid"/>
					<!-- A.1.10: Worldwide Unique Case Idntification number -->
					<!-- Note, for Identifiers, if no OID can be designated, indicate by specifying NullFlavor ="UNK" -->
					<code code="PAT_ADV_EVNT" codeSystem="2.16.840.1.113883.5.4"/>
					<statusCode code="active"/>
					<effectiveTime>
						<low value="20110102"/>
						<!-- A1.6: Date Report Was First Received from the Source -->
					</effectiveTime>
					<availabilityTime value="20110103"/>
					<!-- A1.7: Date of Most Recent Information for this report -->
					<!-- A.1.8.1.r.1: Documents Held by Sender : NONE -->
					<!-- A.4.r.1: Literature Reference(s) : NONE -->
					<component typeCode="COMP">
						<adverseEventAssessment classCode="INVSTG" moodCode="EVN">
							<subject1 typeCode="SBJ">
								<primaryRole classCode="INVSBJ">
									<player1 classCode="PSN" determinerCode="INSTANCE">
										<name>initials</name>
										<!-- B.1.1:  Patient (name or initials) -->
										<administrativeGenderCode nullFlavor="MSK"/>
										<!-- B.1.5 Sex [1] Male [2]Femail -->
										<birthTime value="1966"/>
										<!-- B.1.2.1: Date of Birth -->
									</player1>
									<subjectOf2 typeCode="SBJ">
										<observation moodCode="EVN" classCode="OBS">
											<id extension="1" root="oidInternalReferencesToReaction"/>
											<!-- Note, for the internal ID to allow references to a reaction, it seems very much best 
											  for there to be an OID to indicate the namespace.-->
											<code code="reaction" codeSystem="ich-observation-code-oid"/>
											<effectiveTime xsi:type="IVL_TS">
												<low value="2010"/>
												<!-- B.2.i.3 Date of Start of Reaction / Event -->
												<high value="2011"/>
												<!-- B.2.i.4: Date of End of Reaction / Event -->
											</effectiveTime>
											<value xsi:type="CE" code="12345678" codeSystem="2.16.840.1.113883.6.163" codeSystemVersion="11.0"/>
											<!-- B.2.i.1.a: MedDRA Version for Reaction / Event -->
											<!-- B.2.i.1.b: Reaction / Event in MedDRA Terminology-->
											<outboundRelationship2 typeCode="PERT">
												<observation moodCode="EVN" classCode="OBS">
													<code code="outcome" codeSystem="ich-observation-code-oid"/>
													<value xsi:type="CE" code="1" codeSystem="ich-outcome-of-reaction-event-oid"/>
													<!-- B.2.i.6: Outcome of Reaction / Event at the Time of Last Observation [1]recovered/resolved [2]recovering/resolving [3]not recovered/not resolved/ongoing 
                          [4]recovered/resolved with sequelae [5]fatal [6]unknown -->
												</observation>
											</outboundRelationship2>
										</observation>
									</subjectOf2>
									<subjectOf2 typeCode="SBJ">
										<organizer>
											<code code="drugInformation" codeSystem="ich-observation-code-oid"/>
											<!-- Note, the drug information may be repeated several times.  Only a single instance is shown here.  
											*** IN ADDITION *** Please note that the substance administration and drug information is provided on 
											two hierarchical levels.  This corresponds to the numbering within the E2B(R3) document, where the
											drug information is in section "B.4.k", and the repeating drug information - mostly dosage and lot - is in 
											section B.4.k.4r.-->
											<component typeCode="COMP">
												<substanceAdministration moodCode="EVN" classCode="SBADM">
													<id extension="1" root="oidInternalReferencesToSubstanceAdministration"/>
													<!-- Note, for the internal ID to allow references to a substance administration, it seems very much best 
											  for there to be an OID to indicate the namespace.-->
													<consumable>
														<instanceOfKind classCode="INST">
															<kindOfProduct classCode="MMAT" determinerCode="KIND">
																<ingredient classCode="ACTI">
																	<ingredientSubstance classCode="MMAT" determinerCode="KIND">
																		<code nullFlavor="UNK"/>
																		<!-- B.4.k.2.3.r.2a: Substance / Specified Substance TermID -->
																		<!-- B.4.k.2.3.r.2b: Substance / Specified Substance TermID Version Date/Number -->
																		<name>substance name</name>
																		<!-- B.4.k.2.3.r.1: Substance / Specified Substance Name -->
																	</ingredientSubstance>
																</ingredient>
															</kindOfProduct>
														</instanceOfKind>
													</consumable>
													<!-- Next 3 additional information codes are B.4.k.10.1.r values that apply, coded true.  Values that do not apply are not listed here. -->
													<outboundRelationship2 typeCode="REFR">
														<observation moodCode="EVN" classCode="OBS">
															<code code="codedDrugInformation" codeSystem="ich-observation-code-oid"/>
															<value xsi:type="CE" code="1" codeSystem="ich-additional-info-on-drug-code-oid"/>
															<!-- B.4.k.10.r: Coded Drug Information [1] Counterfeit-->
														</observation>
													</outboundRelationship2>
													<outboundRelationship2 typeCode="REFR">
														<observation moodCode="EVN" classCode="OBS">
															<code code="codedDrugInformation" codeSystem="ich-observation-code-oid"/>
															<value xsi:type="CE" code="2" codeSystem="ich-additional-info-on-drug-code-oid"/>
															<!-- B.4.k.10.r: Coded Drug Information [2] Overdose-->
														</observation>
													</outboundRelationship2>
													<outboundRelationship2 typeCode="REFR">
														<observation moodCode="EVN" classCode="OBS">
															<code code="codedDrugInformation" codeSystem="ich-observation-code-oid"/>
															<value xsi:type="CE" code="6" codeSystem="ich-additional-info-on-drug-code-oid"/>
															<!-- B.4.k.10.r: Coded Drug Information [6] Batch and lot tested and found not within specifications -->
														</observation>
													</outboundRelationship2>
													<outboundRelationship2 typeCode="REFR">
														<observation moodCode="EVN" classCode="OBS">
															<code code="additionalInformation" codeSystem="ich-observation-code-oid"/>
															<value xsi:type="ST">additional</value>
															<!-- B.4.k.11: Additional Information on Drug -->
														</observation>
													</outboundRelationship2>
													<inboundRelationship typeCode="RSON">
														<observation moodCode="EVN" classCode="OBS">
															<code code="indication" codeSystem="ich-observation-code-oid"/>
															<value xsi:type="CE" code="12345678" codeSystem="2.16.840.1.113883.6.163" codeSystemVersion="11.0"/>
															<!-- B.4.k.7.r.2a: Indication in MedDRA Terminology (LLT code) -->
															<!-- B.4.k.7.r.2b: Indication in MedDRA Terminology (version) -->
															<performer>
																<assignedEntity>
																	<code code="sourceReporter" codeSystem="ich-observation-code-oid"/>
																</assignedEntity>
															</performer>
														</observation>
													</inboundRelationship>
													<inboundRelationship typeCode="CAUS">
														<act moodCode="EVN" classCode="ACT">
															<code code="1" codeSystem="ich-action-taken-with-drug-oid"/>
															<!-- B.4.k.8: Action(s) Taken with Drug [1]Drug withdrawn [2]Dose reduced [3]Dose increased [4]Dose not changed 
                              [5]Unknown [6]Not applicable -->
														</act>
													</inboundRelationship>
												</substanceAdministration>
											</component>
										</organizer>
									</subjectOf2>
								</primaryRole>
							</subject1>
							<component typeCode="COMP">
								<causalityAssessment classCode="OBS" moodCode="EVN">
									<code code="interventionCharacterization" codeSystem="ich-observation-code-oid"/>
									<value xsi:type="CE" code="1" codeSystem="ich-characterisation-of-drug-role-oid"/>
									<!-- B.4.k.1: Characterisation of Drug Role [1]Suspect [2]Concomitant [3]Interacting [4]Drug Not Administered -->
									<subject2 typeCode="SUBJ">
										<productUseReference classCode="ACT" moodCode="EVN">
											<id extension="1" root="oidInternalReferencesToSubstanceAdministration"/>
											<!-- Note, for the internal ID to allow references to a rsubstance administration, it seems very much best 
											  for there to be an OID to indicate the namespace.-->
										</productUseReference>
									</subject2>
								</causalityAssessment>
							</component>
						</adverseEventAssessment>
					</component>
					<component typeCode="COMP">
						<observationEvent classCode="OBS" moodCode="EVN">
							<code code="additionalDocumentsAvailable" codeSystem="ich-observation-code-oid"/>
							<value xsi:type="BL" value="false"/>
							<!-- A.1.8.1: Are Additional Documents Available? -->
						</observationEvent>
					</component>
					<component typeCode="COMP">
						<observationEvent classCode="OBS" moodCode="EVN">
							<code code="localCriteriaForExpedited" codeSystem="ich-observation-code-oid"/>
							<value xsi:type="BL" value="true"/>
							<!-- A.1.9: Does the Case Fullfill Local Criteria for an Expedited Report?-->
						</observationEvent>
					</component>
					<outboundRelationship typeCode="SPRT">
						<relatedInvestigation classCode="INVSTG" moodCode="EVN">
							<code code="initialReport" codeSystem="ich-observation-code-oid"/>
							<subjectOf2 typeCode="SUBJ">
								<controlActEvent classCode="CACT" moodCode="EVN">
									<author typeCode="AUT">
										<assignedEntity classCode="ASSIGNED">
											<code code="1" codeSystem="ich-first-sender-of-this-case-oid"/>
											<!-- A.1.10.2: First Sender of this Case [1]:Regulator [2]:Other -->
										</assignedEntity>
									</author>
								</controlActEvent>
							</subjectOf2>
						</relatedInvestigation>
					</outboundRelationship>
					<outboundRelationship typeCode="SPRT">
						<priorityNumber value="1"/>
						<!-- A.2.r.1.5: Primary source for regulatory purposes -->
						<relatedInvestigation classCode="INVSTG" moodCode="EVN">
							<code code="sourceReport" codeSystem="ich-observation-code-oid"/>
							<subjectOf2 typeCode="SUBJ">
								<controlActEvent classCode="CACT" moodCode="EVN">
									<author typeCode="AUT">
										<assignedEntity classCode="ASSIGNED">
											<addr/>
											<assignedPerson classCode="PSN" determinerCode="INSTANCE">
												<name>
													<family/>
													<!-- A.2.r.1.1d: Reporter Identifier (Reporter family name) -->
												</name>
											</assignedPerson>
											<representedOrganization classCode="ORG" determinerCode="INSTANCE">
												<name/>
												<!-- A.2.r.1.2b: Reporter's Address and Telephone (Reporter department) -->
												<assignedEntity classCode="ASSIGNED">
													<representedOrganization classCode="ORG" determinerCode="INSTANCE">
														<name/>
														<!-- A.2.r.1.2a: Reporter's Address and Telephone (Reporter organisation) -->
													</representedOrganization>
												</assignedEntity>
											</representedOrganization>
										</assignedEntity>
									</author>
								</controlActEvent>
							</subjectOf2>
						</relatedInvestigation>
					</outboundRelationship>
					<subjectOf1 typeCode="SUBJ">
						<controlActEvent classCode="CACT" moodCode="EVN">
							<author typeCode="AUT">
								<assignedEntity classCode="ASSIGNED">
									<code code="1" codeSystem="ich-sender-type-oid"/>
									<!-- A.3.1: Sender Type [1] Pharmaceutical Company [2]Regulatory Authority [3]Health Professional [4] Regional Pharmacovigilance Center
                 [5] WHO collaborating center for international drug monitoring [6] Other [7] Patient / Consumer -->
									<representedOrganization classCode="ORG" determinerCode="INSTANCE">
										<assignedEntity classCode="ASSIGNED">
											<representedOrganization classCode="ORG" determinerCode="INSTANCE">
												<name>sender organisation</name>
												<!-- A.3.2: Sender's Organization -->
											</representedOrganization>
										</assignedEntity>
									</representedOrganization>
								</assignedEntity>
							</author>
						</controlActEvent>
					</subjectOf1>
					<subjectOf1 typeCode="SUBJ">
						<controlActEvent classCode="CACT" moodCode="EVN">
							<id assigningAuthorityName="source" extension="case id" root="caseIdentifierOid"/>
							<!-- A.1.11.r.1: Source(s) of the Case Identifier -->
							<!-- A.1.11.r.2 Case Identifiers(s) -->
							<!-- Note, for Identifiers, if no OID can be designated, indicate by specifying NullFlavor ="UNK" -->
						</controlActEvent>
					</subjectOf1>
					<subjectOf2 typeCode="SUBJ">
						<investigationCharacteristic classCode="OBS" moodCode="EVN">
							<code code="ichReportType" codeSystem="ich-observation-code-oid"/>
							<value xsi:type="CE" code="1" codeSystem="ich-type-of-report-oid"/>
							<!-- A.1.4 Type of Report [1] Spontaneous report [2] Report from study [3] Other [4] Not available to sender (unknown) -->
						</investigationCharacteristic>
					</subjectOf2>
					<subjectOf2 typeCode="SUBJ">
						<investigationCharacteristic classCode="OBS" moodCode="EVN">
							<code code="otherCaseIds" codeSystem="ich-observation-code-oid"/>
							<value xsi:type="BL" value="true"/>
							<!-- A.1.11 Other case identifiers in previous transmissions-->
						</investigationCharacteristic>
					</subjectOf2>
					<!-- A.1.13: Report Nullification / Amendment [1]:Nullification [2]:Amendment : NONE -->
					<!-- A.1.13.1: Nullification/Amendment Reason : NONE -->
				</investigationEvent>
			</subject>
		</controlActProcess>
	</PORR_IN049016UV>
	<receiver typeCode="RCV">
		<device classCode="DEV" determinerCode="INSTANCE">
			<id extension="batch receiver id" root="ich-batch-receiver-identifier-oid"/>
		</device>
	</receiver>
	<sender typeCode="SND">
		<device classCode="DEV" determinerCode="INSTANCE">
			<id extension="batch sender id" root="ich-batch-sender-identifier-oid"/>
		</device>
	</sender>
</MCCI_IN200100UV01>
